id,permalink,date,ip,subreddit,gildings,link,parent,body
abc111,/r/Bazzite/comments/1t1kt8l/bazzite_linux_review/abc111/,2026-05-02 11:37:07 UTC,1.2.3.4,Bazzite,0,t3_1t1kt8l,t3_1t1kt8l,Bazzite DX is the best workstation distribution hands down
abc222,/r/Bazzite/comments/1t1kt8l/bazzite_linux_review/abc222/,2026-05-02 12:14:33 UTC,1.2.3.4,Bazzite,0,t3_1t1kt8l,t1_xxxfffaaa,"It always struck me that if gaming is in the mix, why not get the distro that puts it first? Docker is less fussy than a new release Steam game so Bazzite just seems like the logical choice."
abc333,/r/Bazzite/comments/1t1kt8l/bazzite_linux_review/abc333/,2026-05-02 13:53:19 UTC,1.2.3.4,Bazzite,0,t3_1t1kt8l,t1_yyy999,"Podman is a decent solution too, but I'm a heavy docker user and felt podman always needed special attention. DX with Docker and devcontainers as a first class citizen solves a lot of problems"
def111,/r/Magento/comments/1sqyufn/adobe_commerce_saas/def111/,2026-04-20 08:00:00 UTC,1.2.3.4,Magento,0,t3_1sqyufn,t3_1sqyufn,"I've been at SaaS demo days. The core product is interesting but the migration story is rough — existing customizations don't port over."
ghi111,/r/southcarolina/comments/1rzgvsz/lindsey_graham_iran/ghi111/,2026-03-21 10:00:00 UTC,1.2.3.4,southcarolina,0,t3_1rzgvsz,t3_1rzgvsz,"Graham has been beating this drum for two decades — at some point voters in SC need to ask why."
jkl111,/r/PHP/comments/1suowzi/introducing_marko/jkl111/,2026-04-24 14:22:00 UTC,1.2.3.4,PHP,0,t3_1suowzi,t1_someparent,"Honestly the modular framework space is crowded. What's Marko doing that Slim or Hyperf isn't? The README needs a comparison table."
mno111,/r/vibecoding/comments/1sh4kge/building_a_product_no_users/mno111/,2026-04-10 18:00:00 UTC,1.2.3.4,vibecoding,0,t3_1sh4kge,t3_1sh4kge,"Have you actually talked to 10 potential users about what they'd pay for? Building is the easy part — distribution is the hard part."
pqr111,/r/coding_agents/comments/1taaaa1/claude_vs_cursor/pqr111/,2026-05-15 09:30:00 UTC,1.2.3.4,coding_agents,0,t3_1taaaa1,t3_1taaaa1,Claude Code's strength is the harness — Bash + Edit + Read primitives compose so much better than IDE-bound autocomplete.
pqr222,/r/coding_agents/comments/1taaaa1/claude_vs_cursor/pqr222/,2026-05-15 10:45:00 UTC,1.2.3.4,coding_agents,0,t3_1taaaa1,t1_someotherparent,"Subagents are the killer feature for me. Spawn 5 in parallel for a search and you get 5x the throughput without 5x the context cost in the parent."
stu111,/r/whatisit/comments/1rp95o7/grandads_bed/stu111/,2026-03-09 20:00:00 UTC,1.2.3.4,whatisit,0,t3_1rp95o7,t3_1rp95o7,Looks like a vintage Zenith transoceanic shortwave radio receiver. Worth a few hundred to collectors depending on condition.
